Timestamp,PM2.5 (µg/m³),PM10 (µg/m³),NO (µg/m³),NO2 (µg/m³),NOx (ppb),NH3 (µg/m³),SO2 (µg/m³),CO (mg/m³),Ozone (µg/m³),Benzene (µg/m³),Toluene (µg/m³),Xylene (µg/m³),O Xylene (µg/m³),Eth-Benzene (µg/m³),MP-Xylene (µg/m³),AT (°C),RH (%),WS (m/s),WD (deg),RF (mm),TOT-RF (mm),SR (W/mt2),BP (mmHg),VWS (m/s)
2025-01-01 00:00:00,184.64,254.39,24.66,64.29,52.24,31.91,15.56,1.47,23.09,0.16,0.99,NA,NA,NA,NA,11.27,84.88,0.99,240.85,0.00,0.00,51.15,991.04,NA
2025-01-02 00:00:00,207.12,286.58,29.56,65.88,57.07,51.28,17.60,1.90,23.18,0.22,1.41,NA,NA,NA,NA,11.46,84.75,0.99,246.24,0.00,0.00,50.91,990.31,NA
2025-01-03 00:00:00,295.92,406.67,59.31,86.64,92.32,61.66,26.80,3.32,26.22,0.41,3.45,NA,NA,NA,NA,12.22,84.30,0.57,204.06,0.00,0.00,45.50,990.14,NA
2025-01-04 00:00:00,272.03,336.54,57.62,63.97,78.87,62.33,19.31,3.21,20.85,0.46,5.60,NA,NA,NA,NA,11.77,89.55,0.98,189.97,0.00,0.00,39.91,988.56,NA
2025-01-05 00:00:00,164.17,214.46,12.28,50.58,34.89,47.40,13.27,1.11,20.78,0.22,0.76,NA,NA,NA,NA,11.36,88.25,1.14,199.73,0.00,0.00,44.73,988.40,NA
2025-01-06 00:00:00,178.54,230.79,15.12,59.55,41.97,42.22,17.56,1.55,23.41,0.20,0.86,NA,NA,NA,NA,12.39,85.34,1.26,223.83,0.00,0.00,50.00,989.29,NA
2025-01-07 00:00:00,170.00,240.46,24.84,58.00,49.04,52.07,14.01,1.64,31.19,0.18,1.30,NA,NA,NA,NA,12.02,86.58,1.54,238.99,0.00,0.00,28.30,989.96,NA
2025-01-08 00:00:00,168.62,244.62,24.80,69.76,55.27,50.86,17.18,1.93,39.93,0.23,1.47,NA,NA,NA,NA,12.64,73.81,1.29,255.64,0.00,0.00,49.29,987.83,NA
2025-01-09 00:00:00,244.46,326.79,28.82,75.94,61.83,54.98,13.58,2.09,45.95,0.25,2.24,NA,NA,NA,NA,12.65,75.05,0.70,222.20,0.00,0.00,50.14,990.14,NA
2025-01-10 00:00:00,231.67,300.21,21.35,56.71,45.52,54.14,9.01,1.53,24.65,0.24,1.91,NA,NA,NA,NA,11.13,90.27,0.86,195.60,0.00,0.00,40.12,992.14,NA
2025-01-11 00:00:00,156.58,184.79,8.74,51.91,32.72,43.98,13.80,1.26,40.73,0.18,0.86,NA,NA,NA,NA,11.70,90.24,1.16,216.68,0.04,4.00,36.38,990.79,NA
2025-01-12 00:00:00,142.21,180.21,30.89,56.67,53.26,40.36,12.40,1.75,23.67,0.19,1.62,NA,NA,NA,NA,12.39,88.74,0.70,215.05,0.00,0.00,30.96,991.52,NA
2025-01-13 00:00:00,121.50,162.42,15.03,52.94,38.38,30.28,12.30,1.17,24.71,0.14,0.79,NA,NA,NA,NA,12.84,84.61,1.78,292.55,0.00,0.00,53.58,990.76,NA
2025-01-14 00:00:00,123.97,159.59,9.96,51.89,33.70,28.90,14.45,1.08,41.92,0.12,0.41,NA,NA,NA,NA,12.46,83.36,1.80,293.52,0.02,1.00,82.14,990.67,NA
2025-01-15 00:00:00,172.97,202.26,9.23,42.28,27.68,41.49,0.46,0.52,27.67,0.18,0.98,NA,NA,NA,NA,12.71,87.85,1.08,194.83,0.00,0.00,44.71,991.38,NA
2025-01-16 00:00:00,179.10,222.59,41.04,47.83,56.87,34.17,7.09,3.15,21.85,0.25,1.75,NA,NA,NA,NA,12.62,85.27,0.65,194.84,0.07,7.00,37.04,992.81,NA
2025-01-17 00:00:00,153.26,203.46,28.00,56.79,50.98,32.06,7.31,0.36,23.59,0.23,2.13,NA,NA,NA,NA,12.19,86.25,1.53,255.55,0.01,1.00,52.26,992.51,NA
2025-01-18 00:00:00,144.29,214.38,19.90,59.16,45.46,28.10,15.42,1.34,39.30,0.15,1.41,NA,NA,NA,NA,13.29,78.85,0.87,200.82,0.00,0.00,61.99,990.42,NA
2025-01-19 00:00:00,177.46,253.29,51.77,83.93,84.68,32.04,21.40,3.23,42.41,0.22,1.91,NA,NA,NA,NA,14.95,76.15,0.66,205.42,0.00,0.00,55.02,989.00,NA
2025-01-20 00:00:00,159.42,225.71,43.37,81.08,76.36,35.66,14.00,2.46,44.39,0.17,1.24,NA,NA,NA,NA,15.36,73.98,1.74,282.22,0.00,0.00,57.65,987.48,NA
2025-01-21 00:00:00,133.46,204.08,22.92,83.14,60.84,30.30,17.32,2.16,60.44,0.13,0.68,NA,NA,NA,NA,15.11,67.35,2.06,299.28,0.00,0.00,57.25,986.26,NA
2025-01-22 00:00:00,119.17,211.12,55.90,84.48,88.31,25.00,15.60,2.31,33.12,0.18,1.98,NA,NA,NA,NA,15.23,69.32,1.15,240.58,0.00,0.00,64.53,985.98,NA
2025-01-23 00:00:00,103.88,166.71,56.02,85.20,88.84,32.42,12.84,1.51,29.68,0.21,2.40,NA,NA,NA,NA,15.20,69.08,1.25,225.39,0.02,2.00,57.65,987.48,NA
2025-01-24 00:00:00,90.62,169.50,31.52,82.77,67.66,28.17,18.01,1.09,40.45,0.12,0.82,NA,NA,NA,NA,14.69,61.07,2.07,291.30,0.00,0.00,66.60,987.73,NA
2025-01-25 00:00:00,71.27,156.54,23.61,81.47,60.52,22.79,12.65,0.99,51.75,0.11,0.58,NA,NA,NA,NA,14.45,53.10,1.85,311.12,0.00,0.00,69.42,987.14,NA
2025-01-26 00:00:00,94.98,181.00,27.21,87.65,66.74,23.92,17.90,1.13,56.26,0.13,0.67,NA,NA,NA,NA,14.17,53.04,1.36,290.52,0.00,0.00,69.02,987.01,NA
2025-01-27 00:00:00,121.45,223.42,23.69,78.24,58.85,25.10,16.84,1.36,46.30,0.15,0.97,NA,NA,NA,NA,13.89,58.96,1.26,283.74,0.00,0.00,67.54,985.68,NA
2025-01-28 00:00:00,116.76,215.96,10.14,64.33,40.52,27.06,19.43,1.28,65.84,0.14,0.90,NA,NA,NA,NA,14.37,57.11,1.17,277.82,0.00,0.00,67.04,985.26,NA
2025-01-29 00:00:00,237.83,364.12,60.40,68.67,83.63,37.07,21.49,2.46,56.94,0.28,4.15,NA,NA,NA,NA,14.21,71.95,0.99,190.55,0.00,0.00,62.96,986.78,NA
2025-01-30 00:00:00,183.21,257.08,18.79,55.85,42.49,37.93,17.77,1.55,56.07,0.16,1.46,NA,NA,NA,NA,14.81,75.90,0.97,195.84,0.00,0.00,62.29,983.76,NA
2025-01-31 00:00:00,175.67,264.88,34.90,59.16,57.87,35.78,14.39,1.87,43.01,0.20,2.58,NA,NA,NA,NA,15.64,71.59,0.72,179.77,0.00,0.00,66.27,983.27,NA
2025-02-01 00:00:00,194.64,289.47,51.57,62.68,73.24,37.93,17.20,2.21,38.50,0.28,3.06,NA,NA,NA,NA,15.58,75.22,0.73,133.09,0.00,0.00,59.75,985.65,NA
2025-02-02 00:00:00,179.46,253.96,21.23,59.68,47.05,35.34,16.70,1.38,26.29,0.17,1.16,NA,NA,NA,NA,14.60,78.38,1.64,239.12,0.00,0.00,57.21,987.61,NA
2025-02-03 00:00:00,119.67,211.12,34.28,63.97,59.92,29.47,16.53,1.71,34.99,0.17,1.62,NA,NA,NA,NA,14.83,67.62,1.23,239.56,0.00,0.00,64.59,987.02,NA
2025-02-04 00:00:00,158.71,280.38,46.18,68.39,71.88,31.28,19.26,1.87,39.14,0.26,3.30,NA,NA,NA,NA,16.12,62.60,0.83,178.49,0.00,0.00,55.65,986.89,NA
2025-02-05 00:00:00,115.91,187.53,11.79,56.16,37.49,30.37,18.44,0.98,46.96,0.14,1.19,NA,NA,NA,NA,15.22,62.82,1.80,241.78,0.00,0.00,68.49,987.70,NA
2025-02-06 00:00:00,87.62,172.33,9.02,57.43,35.91,23.93,19.90,0.97,57.98,0.14,0.92,NA,NA,NA,NA,14.86,57.24,1.91,172.23,0.00,0.00,72.73,989.28,NA
2025-02-07 00:00:00,67.83,154.62,9.31,56.28,35.41,21.03,17.32,0.96,57.18,0.10,0.55,NA,NA,NA,NA,14.56,51.82,2.58,263.10,0.00,0.00,74.21,988.82,NA
2025-02-08 00:00:00,72.58,173.25,12.68,62.47,41.54,22.95,18.54,1.15,53.20,0.13,0.97,NA,NA,NA,NA,15.41,49.56,2.02,272.95,0.00,0.00,73.90,987.71,NA
2025-02-09 00:00:00,98.38,205.68,23.95,72.99,56.28,28.25,21.35,1.46,51.92,0.17,1.44,NA,NA,NA,NA,16.07,53.38,1.14,252.44,0.00,0.00,78.27,986.93,NA
2025-02-10 00:00:00,128.62,247.67,52.97,78.22,82.64,32.41,19.14,2.08,40.77,0.27,2.99,NA,NA,NA,NA,16.34,56.81,0.79,221.18,0.00,0.00,74.11,986.40,NA
2025-02-11 00:00:00,121.75,237.08,37.40,77.77,69.76,35.60,15.53,1.77,54.19,0.29,3.49,NA,NA,NA,NA,16.72,58.46,0.70,223.19,0.00,0.00,73.55,985.81,NA
2025-02-12 00:00:00,77.42,180.62,21.25,61.01,47.73,31.57,15.90,0.97,41.11,0.16,1.89,NA,NA,NA,NA,16.53,54.33,1.98,237.57,0.00,0.00,78.81,986.69,NA
2025-02-13 00:00:00,47.62,142.33,9.81,52.63,33.96,26.04,18.88,0.85,62.55,0.09,0.50,NA,NA,NA,NA,15.92,50.73,2.61,254.55,0.00,0.00,83.03,987.25,NA
2025-02-14 00:00:00,52.83,150.71,13.55,60.63,41.19,24.01,23.43,0.98,64.25,0.10,0.54,NA,NA,NA,NA,16.05,47.36,2.41,303.21,0.00,0.00,84.78,985.62,NA
2025-02-15 00:00:00,95.12,216.12,24.54,78.42,59.65,28.23,28.56,1.43,59.00,0.15,1.53,NA,NA,NA,NA,16.35,50.45,0.90,206.14,0.00,0.00,74.12,983.60,NA
2025-02-16 00:00:00,157.00,279.25,61.25,70.99,85.55,35.55,21.60,1.90,60.67,0.23,2.68,NA,NA,NA,NA,16.38,61.14,0.70,170.65,0.00,0.00,75.57,984.97,NA
2025-02-17 00:00:00,104.75,209.33,46.62,78.87,77.85,33.70,22.38,1.76,50.49,0.22,1.94,NA,NA,NA,NA,16.87,58.62,0.64,180.67,0.00,0.00,77.82,987.55,NA
2025-02-18 00:00:00,82.17,187.25,46.19,79.69,77.90,33.65,17.71,1.39,34.67,0.26,3.16,NA,NA,NA,NA,17.19,54.34,1.00,218.11,0.00,0.00,65.98,987.02,NA
2025-02-19 00:00:00,68.92,172.29,37.12,76.51,68.93,32.49,16.55,1.22,41.27,0.16,1.74,NA,NA,NA,NA,17.25,52.21,1.12,245.38,0.00,0.00,77.74,985.50,NA
2025-02-20 00:00:00,54.04,121.96,12.90,48.84,34.36,37.42,16.35,0.81,45.91,0.10,1.01,NA,NA,NA,NA,16.67,67.97,1.54,181.78,0.03,3.00,78.90,986.18,NA
2025-02-21 00:00:00,86.08,157.54,20.11,54.59,43.38,35.72,17.92,1.21,51.31,0.13,1.04,NA,NA,NA,NA,16.59,66.28,1.17,185.83,0.00,0.00,85.38,988.85,NA
2025-02-22 00:00:00,69.00,138.33,21.40,56.58,45.43,33.67,20.50,1.16,42.33,0.12,0.92,NA,NA,NA,NA,15.78,69.64,1.67,226.82,0.00,0.00,90.59,988.94,NA
2025-02-23 00:00:00,63.46,132.75,28.17,63.23,54.48,29.36,14.37,1.14,42.01,0.12,1.02,NA,NA,NA,NA,16.41,63.23,1.22,228.21,0.00,0.00,93.18,989.76,NA
2025-02-24 00:00:00,77.08,156.75,36.74,67.44,63.73,30.09,15.42,1.41,44.64,0.17,1.67,NA,NA,NA,NA,16.33,65.19,0.88,214.60,0.00,0.00,91.94,990.81,NA
2025-02-25 00:00:00,82.83,170.17,29.46,72.25,60.04,30.76,16.13,1.35,52.41,0.21,2.19,NA,NA,NA,NA,17.09,59.72,0.80,245.42,0.00,0.00,88.19,991.01,NA
2025-02-26 00:00:00,86.21,190.62,21.26,56.33,45.23,33.23,18.93,1.21,60.14,0.13,1.46,NA,NA,NA,NA,18.86,56.11,0.86,210.15,0.00,0.00,80.18,990.71,NA
2025-02-27 00:00:00,49.62,129.00,18.73,45.66,37.51,33.18,15.79,0.99,30.74,0.10,0.97,NA,NA,NA,NA,17.51,64.51,1.17,167.95,0.00,0.00,37.22,987.93,NA
2025-02-28 00:00:00,54.38,111.67,7.70,36.35,23.47,33.99,16.15,0.87,32.34,0.10,0.79,NA,NA,NA,NA,17.21,70.32,1.58,186.15,0.00,0.00,48.78,984.71,NA
2025-03-01 00:00:00,51.87,98.86,16.50,41.81,33.66,36.03,17.24,1.13,32.03,0.11,0.76,NA,NA,NA,NA,17.60,73.00,1.13,150.19,0.01,1.00,84.63,985.55,NA
2025-03-02 00:00:00,48.92,115.17,17.99,45.71,36.56,28.94,13.31,0.89,36.00,0.10,0.66,NA,NA,NA,NA,17.00,60.25,1.30,141.08,0.00,0.00,99.24,984.94,NA
2025-03-03 00:00:00,57.00,143.21,15.94,52.19,38.75,25.32,18.32,1.02,48.56,0.12,0.86,NA,NA,NA,NA,17.54,52.58,1.06,199.45,0.00,0.00,96.19,983.80,NA
2025-03-04 00:00:00,50.54,142.62,7.03,41.92,25.91,26.93,15.63,0.79,57.76,0.11,0.45,NA,NA,NA,NA,17.47,55.76,2.23,241.31,0.00,0.00,88.65,985.17,NA
2025-03-05 00:00:00,28.31,125.58,7.65,44.40,27.68,21.05,15.48,0.82,62.23,0.07,0.37,NA,NA,NA,NA,15.87,48.55,3.26,235.50,0.00,0.00,105.18,986.43,NA
2025-03-06 00:00:00,41.54,138.83,24.16,54.57,46.62,20.27,18.90,1.17,53.87,0.07,0.46,NA,NA,NA,NA,16.75,42.03,2.64,265.53,0.00,0.00,109.49,984.47,NA
2025-03-07 00:00:00,76.33,184.29,54.33,67.24,77.42,26.21,17.59,1.50,46.56,0.07,0.85,NA,NA,NA,NA,17.12,48.89,1.23,225.18,0.00,0.00,103.05,983.23,NA
2025-03-08 00:00:00,55.50,139.79,20.06,62.62,47.39,27.08,16.48,1.06,59.79,0.14,1.18,NA,NA,NA,NA,18.29,48.59,1.65,250.03,0.00,0.00,107.28,981.45,NA
2025-03-09 00:00:00,98.42,197.17,22.59,56.62,45.84,30.14,21.20,1.08,67.28,0.20,2.40,NA,NA,NA,NA,18.82,52.90,1.10,190.91,0.00,0.00,101.71,984.71,NA
2025-03-10 00:00:00,84.12,171.50,10.03,49.15,32.05,31.57,20.26,1.24,70.56,0.19,0.74,NA,NA,NA,NA,19.01,54.12,1.21,189.93,0.00,0.00,93.25,988.04,NA
2025-03-11 00:00:00,118.25,240.92,24.21,65.83,52.45,36.14,22.37,1.83,67.78,0.29,3.01,NA,NA,NA,NA,19.89,56.24,0.90,173.39,0.00,0.00,92.26,985.73,NA
2025-03-12 00:00:00,101.25,213.17,17.53,63.59,46.08,37.80,23.80,1.27,39.54,0.20,1.97,NA,NA,NA,NA,20.19,56.59,1.59,221.77,0.00,0.00,99.64,981.86,NA
2025-03-13 00:00:00,66.38,149.58,10.74,56.51,36.83,35.68,19.57,1.08,50.79,0.14,1.14,NA,NA,NA,NA,20.00,56.67,1.07,196.91,0.00,0.00,78.94,979.95,NA
2025-03-14 00:00:00,53.67,96.88,10.71,42.20,28.35,33.84,14.06,0.96,61.35,0.10,0.40,NA,NA,NA,NA,20.04,56.62,1.08,216.28,0.00,0.00,100.65,981.53,NA
2025-03-15 00:00:00,24.62,67.83,9.32,38.20,25.85,28.92,16.58,0.85,55.30,0.07,0.30,NA,NA,NA,NA,19.43,53.75,1.39,129.48,0.00,0.00,91.20,983.04,NA
2025-03-16 00:00:00,40.33,87.71,13.45,43.09,31.88,27.91,22.35,0.89,48.36,0.08,0.56,NA,NA,NA,NA,19.44,53.06,1.39,144.40,0.00,0.00,105.72,984.30,NA
2025-03-17 00:00:00,44.79,98.92,16.05,45.61,35.30,26.88,19.21,1.00,50.71,0.09,0.70,NA,NA,NA,NA,18.43,58.56,1.37,164.71,0.00,0.00,102.68,985.24,NA
2025-03-18 00:00:00,50.00,125.75,17.41,52.31,39.83,23.75,19.85,0.82,50.36,0.12,0.99,NA,NA,NA,NA,18.73,54.28,1.48,193.39,0.00,0.00,109.12,985.06,NA
2025-03-19 00:00:00,35.25,126.58,21.31,56.30,45.33,24.75,23.72,1.15,49.98,0.14,1.34,NA,NA,NA,NA,19.56,49.40,1.19,217.66,0.00,0.00,112.52,985.71,NA
2025-03-20 00:00:00,49.33,147.33,35.12,60.61,58.78,26.68,14.85,1.11,43.41,0.18,2.88,NA,NA,NA,NA,19.99,49.24,1.07,151.41,0.00,0.00,111.09,986.64,NA
2025-03-21 00:00:00,55.79,151.67,17.72,52.62,40.40,28.10,22.50,0.96,50.56,0.11,0.94,NA,NA,NA,NA,19.77,48.44,1.67,213.22,0.00,0.00,111.41,986.29,NA
2025-03-22 00:00:00,61.58,157.75,20.08,58.36,45.03,27.82,19.98,0.98,50.72,0.15,1.29,NA,NA,NA,NA,19.37,50.47,1.25,228.78,0.00,0.00,99.41,984.95,NA
2025-03-23 00:00:00,57.49,136.29,16.30,49.34,37.28,26.43,19.69,0.96,68.11,0.11,0.66,NA,NA,NA,NA,19.83,46.95,0.90,223.53,0.00,0.00,109.79,986.46,NA
2025-03-24 00:00:00,85.92,193.60,19.75,58.72,45.28,28.57,25.59,1.20,62.27,0.17,1.61,NA,NA,NA,NA,20.47,46.10,0.91,185.42,0.00,0.00,111.15,985.90,NA
2025-03-25 00:00:00,121.57,261.46,30.59,61.46,55.54,33.23,30.96,1.49,64.38,0.25,2.47,NA,NA,NA,NA,21.30,42.84,1.00,168.20,0.00,0.00,108.90,981.86,NA
2025-03-26 00:00:00,93.75,225.54,35.32,59.07,58.13,35.89,34.64,1.29,56.14,0.18,2.15,NA,NA,NA,NA,22.22,40.98,1.02,220.43,0.00,0.00,110.78,979.19,NA
2025-03-27 00:00:00,81.04,254.79,31.55,61.23,56.20,36.68,24.64,1.22,40.60,0.19,2.15,NA,NA,NA,NA,22.07,41.57,1.16,218.91,0.00,0.00,103.80,978.82,NA
2025-03-28 00:00:00,49.62,230.67,13.30,44.75,32.33,29.76,22.93,0.41,66.61,0.10,0.66,NA,NA,NA,NA,24.73,38.68,2.43,207.92,0.00,0.00,116.48,981.54,NA
2025-03-29 00:00:00,35.17,154.33,9.55,45.03,29.71,23.81,21.35,0.81,72.14,0.07,0.49,NA,NA,NA,NA,24.55,36.50,2.57,196.05,0.00,0.00,115.06,982.50,NA
2025-03-30 00:00:00,38.00,130.88,17.82,52.74,40.50,24.61,21.25,0.98,68.53,0.09,0.66,NA,NA,NA,NA,25.51,37.30,1.80,164.00,0.00,0.00,117.23,982.78,NA
2025-03-31 00:00:00,62.33,149.71,21.16,58.82,46.50,26.94,26.21,0.71,63.56,0.11,0.91,NA,NA,NA,NA,26.51,37.59,1.60,176.39,0.00,0.00,119.74,982.89,NA
2025-04-01 00:00:00,58.10,167.23,22.52,58.06,47.20,26.04,24.65,1.06,60.38,0.11,1.07,NA,NA,NA,NA,26.58,36.60,1.52,209.59,0.00,0.00,120.07,981.99,NA
2025-04-02 00:00:00,111.59,256.43,22.61,69.90,53.59,30.17,35.86,1.02,44.13,0.20,1.88,NA,NA,NA,NA,25.26,41.59,0.91,263.39,0.00,0.00,134.49,982.88,NA
2025-04-03 00:00:00,NA,NA,NA,NA,NA,NA,NA,NA,NA,NA,NA,NA,NA,NA,NA,NA,NA,NA,NA,NA,0.00,NA,NA,NA
2025-04-04 00:00:00,35.93,161.61,14.92,51.12,36.46,10.44,16.97,1.38,74.12,0.08,0.27,NA,NA,NA,NA,30.43,31.09,1.67,123.36,0.00,0.00,90.18,981.84,NA
2025-04-05 00:00:00,55.08,162.50,20.32,52.28,42.31,23.94,25.51,1.08,69.49,0.07,0.29,NA,NA,NA,NA,28.00,38.03,1.65,182.32,0.00,0.00,121.97,981.42,NA
2025-04-06 00:00:00,80.17,186.58,23.75,56.16,46.94,26.28,25.33,0.81,66.59,0.09,0.41,NA,NA,NA,NA,28.70,38.19,1.05,214.17,0.00,0.00,125.30,979.90,NA
2025-04-07 00:00:00,121.21,267.58,27.35,62.80,53.60,27.29,36.24,1.69,75.10,0.08,0.64,NA,NA,NA,NA,29.60,38.41,1.04,162.78,0.00,0.00,120.02,981.07,NA
2025-04-08 00:00:00,92.17,252.58,9.06,39.38,26.28,33.90,26.23,0.64,103.00,0.09,0.42,NA,NA,NA,NA,29.97,40.01,1.47,177.24,0.00,0.00,111.07,983.18,NA
2025-04-09 00:00:00,94.15,270.29,10.74,42.83,29.28,38.04,27.38,1.18,83.52,0.07,0.39,NA,NA,NA,NA,30.43,43.89,1.35,179.78,0.00,0.00,108.57,980.82,NA
2025-04-10 00:00:00,64.51,281.54,9.91,30.92,22.60,37.27,21.02,0.91,82.68,0.06,0.25,NA,NA,NA,NA,29.86,42.38,1.27,182.97,0.00,0.00,105.65,976.85,NA
2025-04-11 00:00:00,38.94,134.48,8.01,11.21,10.47,33.73,18.16,0.91,62.05,0.02,0.19,NA,NA,NA,NA,26.73,57.45,2.35,185.40,0.01,1.00,117.52,976.94,NA
2025-04-12 00:00:00,36.60,98.29,8.52,12.75,11.72,29.86,17.82,0.84,71.53,0.03,0.21,NA,NA,NA,NA,26.88,53.85,1.06,160.73,0.00,0.00,128.59,979.66,NA
2025-04-13 00:00:00,51.32,160.54,10.22,15.20,14.40,26.39,23.19,1.04,76.32,0.05,0.26,NA,NA,NA,NA,28.21,44.62,0.92,169.41,0.00,0.00,116.55,981.11,NA
2025-04-14 00:00:00,76.86,198.36,8.54,12.59,11.65,30.34,24.59,0.90,76.71,0.05,0.36,NA,NA,NA,NA,28.61,46.05,1.34,186.30,0.00,0.00,131.08,981.48,NA
2025-04-15 00:00:00,61.94,178.46,7.90,13.11,11.40,30.56,23.31,0.90,85.90,0.03,0.32,NA,NA,NA,NA,29.06,44.41,1.32,201.98,0.00,0.00,116.81,981.68,NA
2025-04-16 00:00:00,89.51,227.25,7.69,13.08,11.21,31.59,28.72,1.03,93.45,0.05,0.38,NA,NA,NA,NA,29.71,43.80,1.28,204.77,0.00,0.00,113.34,980.17,NA
2025-04-17 00:00:00,61.72,219.50,10.02,25.86,19.93,23.17,22.01,1.22,83.16,0.05,0.29,NA,NA,NA,NA,30.35,42.00,1.30,179.42,0.00,0.00,124.38,977.77,NA
2025-04-18 00:00:00,63.26,250.17,7.30,24.90,17.12,8.16,18.64,0.83,87.67,0.04,0.22,NA,NA,NA,NA,29.93,48.15,1.66,171.86,0.00,0.00,120.99,976.28,NA
2025-04-19 00:00:00,46.07,169.42,6.49,23.43,15.73,8.82,14.84,0.97,70.78,0.02,0.19,NA,NA,NA,NA,29.33,50.42,1.99,201.10,0.00,0.00,117.99,976.76,NA
2025-04-20 00:00:00,47.50,171.42,5.98,24.33,15.84,8.65,13.41,0.97,73.73,0.02,0.21,NA,NA,NA,NA,30.00,49.83,1.66,186.07,0.00,0.00,121.74,976.75,NA
2025-04-21 00:00:00,59.56,252.08,8.66,29.41,20.71,7.17,15.85,0.83,66.24,0.06,0.28,NA,NA,NA,NA,31.00,38.67,1.50,258.55,0.00,0.00,132.54,979.40,NA
2025-04-22 00:00:00,50.67,238.12,12.09,36.32,27.17,7.81,17.82,0.94,62.10,0.09,0.26,NA,NA,NA,NA,30.33,28.27,1.70,280.85,0.00,0.00,143.82,980.79,NA
2025-04-23 00:00:00,68.92,243.25,9.57,38.95,26.54,8.68,26.87,0.80,76.74,0.09,0.27,NA,NA,NA,NA,30.02,29.21,1.67,255.73,0.00,0.00,143.91,978.50,NA
2025-04-24 00:00:00,62.96,195.46,13.13,42.78,31.43,11.24,25.46,1.00,68.01,0.09,0.31,NA,NA,NA,NA,30.26,28.83,1.29,237.07,0.00,0.00,148.97,976.21,NA
2025-04-25 00:00:00,67.50,230.00,23.09,44.35,40.37,9.90,21.80,1.52,72.21,0.10,0.39,NA,NA,NA,NA,30.34,30.19,1.28,215.54,0.00,0.00,144.86,976.89,NA
2025-04-26 00:00:00,63.46,220.08,16.26,40.34,32.65,28.16,16.89,0.99,71.88,0.09,0.39,NA,NA,NA,NA,30.83,30.46,1.06,264.35,0.00,0.00,116.08,976.80,NA
2025-04-27 00:00:00,60.88,269.67,8.68,33.69,23.01,26.80,16.70,0.88,77.66,0.06,0.26,NA,NA,NA,NA,30.93,31.45,1.27,236.65,0.00,0.00,120.23,977.89,NA
2025-04-28 00:00:00,96.79,297.62,7.81,29.84,20.24,27.09,25.69,1.20,87.68,0.07,0.43,NA,NA,NA,NA,30.03,37.58,1.59,180.15,0.00,0.00,116.68,976.97,NA
2025-04-29 00:00:00,54.17,213.58,6.33,23.41,15.56,29.26,16.19,0.85,80.58,0.02,0.18,NA,NA,NA,NA,28.77,46.18,1.89,175.41,0.00,0.00,126.55,978.20,NA
2025-04-30 00:00:00,61.08,203.88,6.28,24.94,16.39,30.36,18.28,0.94,79.53,0.03,0.24,NA,NA,NA,NA,29.35,47.92,1.73,181.31,0.00,0.00,122.56,979.59,NA
2025-05-01 00:00:00,67.32,194.24,7.35,30.07,19.90,29.16,16.02,1.16,80.55,0.02,0.23,NA,NA,NA,NA,29.77,49.06,1.83,179.18,0.00,0.00,117.85,980.42,NA
2025-05-02 00:00:00,39.71,112.17,11.04,40.11,28.21,27.25,12.64,1.01,43.07,0.02,0.15,NA,NA,NA,NA,25.68,70.82,1.53,165.14,0.39,37.00,79.99,982.06,NA
2025-05-03 00:00:00,78.21,165.71,17.08,43.82,35.22,33.41,11.28,1.07,42.47,0.06,0.30,NA,NA,NA,NA,27.32,66.15,1.01,203.07,0.00,0.00,114.81,978.69,NA
2025-05-04 00:00:00,76.71,189.29,19.99,48.95,40.28,42.43,14.80,1.27,50.78,0.06,0.32,NA,NA,NA,NA,28.46,58.98,1.01,175.06,0.00,0.00,108.24,976.85,NA
2025-05-05 00:00:00,39.62,102.54,11.82,43.14,30.53,37.04,11.20,0.96,44.29,0.03,0.17,NA,NA,NA,NA,26.47,63.78,1.46,160.77,0.01,1.00,85.00,978.89,NA
2025-05-06 00:00:00,57.67,135.21,12.09,40.60,29.39,33.79,11.64,0.81,48.85,0.03,0.23,NA,NA,NA,NA,27.71,59.72,1.21,185.10,0.00,0.00,160.39,978.29,NA
2025-05-07 00:00:00,49.46,123.58,12.24,43.48,31.04,32.81,13.08,1.09,45.86,0.03,0.20,NA,NA,NA,NA,27.93,61.33,1.34,179.41,0.00,0.00,135.79,977.96,NA
2025-05-08 00:00:00,67.67,179.54,23.56,48.95,42.99,33.56,12.77,1.21,38.01,0.06,0.32,NA,NA,NA,NA,28.80,57.51,1.12,159.71,0.00,0.00,146.61,977.88,NA
2025-05-09 00:00:00,63.67,142.12,10.64,40.84,28.33,34.81,11.83,0.95,41.36,0.04,0.27,NA,NA,NA,NA,29.19,55.03,1.04,193.83,0.00,0.00,133.36,979.02,NA
2025-05-10 00:00:00,82.71,176.21,12.09,45.62,31.99,33.91,18.39,1.37,42.29,0.07,0.32,NA,NA,NA,NA,28.95,57.96,0.98,200.31,0.00,0.00,125.19,978.75,NA
2025-05-11 00:00:00,61.21,167.33,12.24,44.11,31.17,29.64,12.84,0.73,53.15,0.04,0.24,NA,NA,NA,NA,29.56,54.18,1.29,154.17,0.00,0.00,173.66,977.39,NA
2025-05-12 00:00:00,39.50,128.25,9.85,46.07,30.51,23.94,11.64,1.09,61.27,0.03,0.17,NA,NA,NA,NA,30.28,42.68,1.47,212.02,0.00,0.00,167.73,976.59,NA
2025-05-13 00:00:00,21.83,114.50,7.56,39.82,25.29,21.70,10.33,0.82,53.61,0.01,0.10,NA,NA,NA,NA,29.87,44.65,1.70,215.78,0.00,0.00,165.83,976.51,NA
2025-05-14 00:00:00,40.42,148.61,15.09,48.93,36.16,21.98,13.64,1.08,43.52,0.02,0.21,NA,NA,NA,NA,30.58,43.38,1.37,207.31,0.00,0.00,170.15,976.34,NA
2025-05-15 00:00:00,167.79,386.36,12.60,50.45,35.04,20.25,14.03,1.10,51.27,0.02,0.19,NA,NA,NA,NA,31.52,36.75,1.53,243.07,0.00,0.00,150.60,976.03,NA
2025-05-16 00:00:00,78.25,284.17,15.38,50.93,37.13,27.37,18.50,1.16,52.12,0.05,0.30,NA,NA,NA,NA,30.73,44.31,1.48,202.17,0.08,8.00,162.68,974.98,NA
2025-05-17 00:00:00,32.39,120.42,8.54,40.64,26.56,25.48,9.35,0.76,57.90,0.02,0.14,NA,NA,NA,NA,30.56,44.15,1.30,225.56,0.00,0.00,160.40,974.72,NA
2025-05-18 00:00:00,51.92,176.83,7.17,38.29,24.18,30.27,11.64,0.93,66.92,0.03,0.22,NA,NA,NA,NA,31.43,45.96,1.35,190.24,0.00,0.00,179.53,974.54,NA
2025-05-19 00:00:00,73.17,215.88,6.97,38.67,24.15,40.29,9.13,0.94,45.69,0.06,0.24,NA,NA,NA,NA,30.98,56.14,1.49,167.76,0.00,0.00,153.83,974.84,NA
2025-05-20 00:00:00,68.67,227.38,6.88,39.66,24.68,45.45,9.54,0.98,48.68,0.04,0.24,NA,NA,NA,NA,31.44,53.91,1.48,177.52,0.00,0.00,161.71,973.14,NA
2025-05-21 00:00:00,59.57,184.79,7.81,38.84,25.00,41.58,9.86,0.83,39.79,0.03,0.23,NA,NA,NA,NA,30.61,57.52,1.76,175.27,0.35,33.00,160.49,973.63,NA
2025-05-22 00:00:00,23.62,58.38,10.97,39.39,27.81,36.05,8.14,0.73,45.54,0.00,0.12,NA,NA,NA,NA,27.87,63.35,1.91,189.11,0.00,0.00,161.42,974.95,NA
2025-05-23 00:00:00,41.33,88.50,9.06,39.94,26.57,35.24,8.60,0.80,46.44,0.02,0.18,NA,NA,NA,NA,29.50,60.25,1.77,180.12,0.00,0.00,174.52,973.36,NA
2025-05-24 00:00:00,52.14,129.52,14.89,44.79,33.81,35.38,6.55,0.93,46.59,0.01,0.17,NA,NA,NA,NA,30.59,55.27,2.07,178.43,0.00,0.00,168.26,973.20,NA
2025-05-25 00:00:00,24.17,63.21,26.40,48.84,45.49,31.75,5.35,0.85,33.47,0.01,0.12,NA,NA,NA,NA,26.86,75.67,1.43,161.99,0.69,66.00,109.18,976.42,NA
2025-05-26 00:00:00,38.29,88.83,33.87,50.16,52.25,33.61,2.97,0.93,20.28,0.02,0.17,NA,NA,NA,NA,28.47,71.96,1.19,180.99,0.00,0.00,116.21,975.31,NA
2025-05-27 00:00:00,40.08,94.71,33.23,50.79,52.10,37.79,3.64,1.01,27.00,0.01,0.15,NA,NA,NA,NA,29.70,64.99,0.99,191.80,0.00,0.00,163.51,972.81,NA
2025-05-28 00:00:00,47.94,124.79,26.54,45.13,43.60,37.53,2.93,1.06,30.67,0.03,0.19,NA,NA,NA,NA,30.66,63.23,0.94,197.57,0.00,0.00,152.05,971.39,NA
2025-05-29 00:00:00,52.80,126.14,14.49,32.21,27.14,37.02,8.94,0.76,35.91,0.18,1.83,NA,NA,NA,NA,30.40,60.09,1.06,243.08,0.00,0.00,132.40,970.25,NA
2025-05-30 00:00:00,55.56,184.62,13.76,42.72,31.62,33.88,10.18,1.52,43.14,2.79,13.17,NA,NA,NA,NA,29.16,56.74,0.88,179.01,0.05,5.00,75.90,972.99,NA
2025-05-31 00:00:00,77.38,254.11,18.66,48.56,38.67,28.98,7.55,1.44,55.58,5.99,27.08,NA,NA,NA,NA,29.85,55.27,0.95,203.58,0.00,0.00,152.85,974.91,NA
2025-06-01 00:00:00,37.87,174.65,10.01,36.61,25.58,27.10,6.45,1.34,44.05,2.00,7.70,NA,NA,NA,NA,28.54,58.08,1.41,234.14,0.03,3.00,128.57,976.12,NA
2025-06-02 00:00:00,35.12,134.62,12.59,39.17,29.04,27.49,8.61,1.18,55.43,2.24,6.81,NA,NA,NA,NA,28.72,58.27,0.94,191.66,0.00,0.00,165.55,976.11,NA
2025-06-03 00:00:00,30.62,134.67,13.35,43.18,31.68,26.26,9.84,1.28,53.89,2.63,9.61,NA,NA,NA,NA,27.93,57.03,0.94,192.84,0.00,0.00,115.49,978.29,NA
2025-06-04 00:00:00,45.00,161.21,26.11,51.10,46.46,27.21,4.09,1.37,54.25,3.68,11.44,NA,NA,NA,NA,28.06,58.19,1.14,188.78,0.00,0.00,131.42,980.85,NA
2025-06-05 00:00:00,35.33,153.83,20.58,51.96,42.19,26.03,11.03,1.03,75.24,2.54,8.12,NA,NA,NA,NA,29.52,48.83,1.28,193.49,0.01,1.00,31.48,983.68,NA
2025-06-06 00:00:00,35.17,136.17,22.55,54.32,45.06,25.38,2.25,1.28,55.12,2.50,10.91,NA,NA,NA,NA,30.19,50.83,0.94,208.24,0.00,0.00,31.85,982.61,NA
2025-06-07 00:00:00,59.54,179.83,15.76,47.55,36.10,28.47,9.51,1.26,69.21,3.69,12.47,NA,NA,NA,NA,31.28,47.98,0.98,201.41,0.00,0.00,29.22,980.94,NA
2025-06-08 00:00:00,67.33,212.42,7.43,43.01,26.79,31.75,11.00,1.43,72.05,5.20,9.32,NA,NA,NA,NA,32.31,46.57,1.12,199.90,0.00,0.00,33.36,978.95,NA
2025-06-09 00:00:00,56.62,237.38,12.23,49.42,34.23,33.30,13.37,1.28,55.65,4.35,12.21,NA,NA,NA,NA,33.03,40.08,1.60,179.78,0.00,0.00,35.59,977.13,NA
2025-06-10 00:00:00,40.08,225.42,13.98,46.92,32.30,26.20,10.92,1.07,38.78,3.49,14.37,NA,NA,NA,NA,33.16,33.80,1.66,171.08,0.00,0.00,90.17,976.27,NA
2025-06-11 00:00:00,60.33,241.50,4.66,39.98,20.93,30.16,12.75,1.25,63.87,4.64,11.96,NA,NA,NA,NA,32.87,40.82,1.33,176.82,0.00,0.00,203.46,976.74,NA
2025-06-12 00:00:00,62.04,179.62,4.57,32.70,18.06,48.44,9.31,1.23,38.86,2.28,5.17,NA,NA,NA,NA,32.77,50.28,1.40,191.48,0.00,0.00,143.15,976.95,NA
2025-06-13 00:00:00,51.29,169.29,5.39,32.19,19.28,42.45,6.75,1.20,21.21,2.40,5.16,NA,NA,NA,NA,31.47,54.02,1.60,197.46,0.00,0.00,139.72,977.77,NA
2025-06-14 00:00:00,54.50,161.06,5.15,31.76,18.98,39.08,8.93,1.48,42.27,2.35,7.39,NA,NA,NA,NA,31.98,55.19,1.23,194.79,0.00,0.00,135.21,975.97,NA
2025-06-15 00:00:00,38.96,119.25,5.18,37.33,22.07,34.16,6.38,0.76,58.16,1.38,3.80,NA,NA,NA,NA,30.12,59.65,1.44,187.44,0.04,4.00,159.57,975.14,NA
2025-06-16 00:00:00,31.62,82.58,4.05,35.17,20.01,27.47,3.83,0.91,57.51,2.34,4.47,NA,NA,NA,NA,29.56,61.30,1.20,197.77,0.00,0.00,87.43,975.77,NA
2025-06-17 00:00:00,28.92,72.68,4.30,32.90,19.02,27.28,4.44,0.99,46.68,1.84,4.41,NA,NA,NA,NA,28.62,72.78,1.12,193.79,0.17,16.00,96.68,976.16,NA
2025-06-18 00:00:00,32.58,68.58,5.29,32.68,19.68,28.85,5.02,1.02,35.06,1.98,7.18,NA,NA,NA,NA,28.41,76.85,0.89,221.65,0.00,0.00,90.08,975.02,NA
2025-06-19 00:00:00,25.12,62.71,5.82,30.78,19.10,28.18,4.92,0.95,38.08,1.51,4.72,NA,NA,NA,NA,29.36,69.60,1.34,207.47,0.00,0.00,132.26,973.36,NA
2025-06-20 00:00:00,23.39,53.78,5.28,27.96,17.16,26.48,5.18,0.94,36.58,1.62,4.59,NA,NA,NA,NA,28.62,74.89,1.41,206.01,0.00,0.00,96.90,975.83,NA
2025-06-21 00:00:00,29.38,57.57,5.12,29.92,17.65,26.53,4.14,1.34,35.15,1.84,4.59,NA,NA,NA,NA,29.79,70.47,1.10,226.52,0.01,1.00,177.84,976.65,NA
2025-06-22 00:00:00,34.71,76.12,2.86,30.80,16.59,27.47,4.09,0.91,37.41,1.88,6.00,NA,NA,NA,NA,29.75,70.39,0.91,220.39,0.00,0.00,97.25,975.93,NA
2025-06-23 00:00:00,41.36,82.47,3.05,29.69,16.10,26.45,4.59,1.04,42.13,1.85,4.35,NA,NA,NA,NA,29.74,70.44,0.97,202.82,0.22,21.00,109.12,973.75,NA
2025-06-24 00:00:00,42.30,84.09,4.29,36.50,20.74,25.55,3.83,1.11,29.03,2.23,10.45,NA,NA,NA,NA,29.21,75.49,0.87,219.36,0.25,24.00,90.96,973.28,NA
2025-06-25 00:00:00,59.96,127.17,4.32,34.09,19.52,23.01,4.18,1.12,25.44,1.82,7.99,NA,NA,NA,NA,29.36,76.65,1.23,186.86,0.02,2.00,66.58,975.89,NA
2025-06-26 00:00:00,26.67,69.83,3.23,29.71,16.34,27.92,5.56,0.95,38.05,1.09,4.08,NA,NA,NA,NA,30.49,65.79,1.58,192.86,0.02,2.00,160.94,977.64,NA
2025-06-27 00:00:00,19.33,65.42,2.82,29.18,15.76,31.22,4.45,0.88,44.48,1.02,3.35,NA,NA,NA,NA,30.84,62.33,1.53,202.51,0.00,0.00,163.45,976.67,NA
2025-06-28 00:00:00,30.12,72.17,5.21,37.31,21.95,27.11,5.81,1.07,36.90,1.70,11.23,NA,NA,NA,NA,28.67,76.22,0.96,210.26,0.00,0.00,97.78,975.69,NA
2025-06-29 00:00:00,40.00,82.25,6.49,35.11,21.93,24.71,4.96,1.23,21.76,2.19,12.17,NA,NA,NA,NA,27.39,84.68,0.84,223.82,0.00,0.00,63.48,973.71,NA
2025-06-30 00:00:00,23.83,51.62,4.23,35.58,20.32,27.73,5.38,0.80,30.11,1.77,10.52,NA,NA,NA,NA,26.94,85.16,0.98,209.60,0.00,0.00,54.36,974.76,NA
2025-07-01 00:00:00,24.01,56.84,6.15,33.58,20.84,29.53,4.27,0.94,31.71,1.36,6.10,NA,NA,NA,NA,28.53,76.74,1.07,191.01,0.00,0.00,134.13,975.75,NA
2025-07-02 00:00:00,22.92,70.75,11.89,34.77,28.66,28.61,4.92,0.91,26.68,1.29,8.75,NA,NA,NA,NA,29.31,74.40,1.04,193.57,0.46,44.00,168.65,975.53,NA
2025-07-03 00:00:00,23.83,55.17,23.24,36.10,41.11,27.32,2.58,1.05,28.24,0.90,3.95,NA,NA,NA,NA,29.73,72.53,1.33,203.91,0.00,0.00,154.29,976.19,NA
2025-07-04 00:00:00,23.08,60.92,23.71,42.27,44.78,27.20,4.81,1.16,26.89,1.33,7.71,NA,NA,NA,NA,29.27,77.25,1.03,210.88,0.00,0.00,146.88,976.32,NA
2025-07-05 00:00:00,26.21,67.33,23.75,40.55,43.89,27.46,3.78,1.12,28.13,1.06,6.12,NA,NA,NA,NA,29.90,73.94,0.81,234.92,0.00,0.00,125.81,975.33,NA
2025-07-06 00:00:00,31.50,79.92,23.82,46.11,46.91,28.95,4.35,1.21,28.83,1.47,8.77,NA,NA,NA,NA,29.49,76.79,0.77,194.40,0.00,0.00,83.32,974.78,NA
2025-07-07 00:00:00,20.61,48.96,22.06,47.90,46.43,33.95,5.17,1.15,44.32,1.17,6.87,NA,NA,NA,NA,27.99,79.51,1.16,194.14,0.15,14.00,102.76,975.95,NA
2025-07-08 00:00:00,27.38,77.46,23.70,44.77,46.11,33.96,1.57,1.01,33.99,1.11,6.99,NA,NA,NA,NA,29.68,72.47,1.12,208.28,0.00,0.00,163.78,976.09,NA
2025-07-09 00:00:00,12.26,45.96,25.10,46.87,48.36,30.50,6.43,0.97,39.57,1.06,4.95,NA,NA,NA,NA,28.39,76.39,1.16,183.18,0.00,0.00,113.21,977.29,NA
2025-07-10 00:00:00,13.30,32.04,17.64,35.53,36.24,27.36,1.24,1.00,32.62,0.79,4.92,NA,NA,NA,NA,26.65,86.46,0.82,240.99,0.39,37.00,78.89,979.39,NA
2025-07-11 00:00:00,29.12,72.38,11.35,35.77,31.25,24.65,3.58,1.20,32.93,1.64,13.64,NA,NA,NA,NA,27.87,82.54,0.58,209.66,0.42,40.00,85.95,978.57,NA
2025-07-12 00:00:00,37.04,84.96,13.05,38.73,34.21,23.53,2.76,1.14,33.33,2.33,17.90,NA,NA,NA,NA,28.35,80.38,0.70,159.76,0.73,70.00,129.23,978.47,NA
2025-07-13 00:00:00,22.04,57.33,13.35,33.52,31.67,23.28,5.50,1.04,26.76,1.71,10.92,NA,NA,NA,NA,28.09,80.90,0.75,167.05,0.43,41.00,107.32,978.14,NA
2025-07-14 00:00:00,12.62,31.58,9.09,28.90,25.78,24.15,2.67,0.89,26.91,0.87,4.31,NA,NA,NA,NA,27.31,84.24,1.64,191.70,0.24,23.00,77.84,976.30,NA
2025-07-15 00:00:00,11.83,32.62,8.42,24.42,22.85,23.10,1.03,0.95,27.07,0.51,2.58,NA,NA,NA,NA,27.87,81.00,1.83,221.79,0.01,1.00,139.10,976.11,NA
2025-07-16 00:00:00,21.21,57.33,10.41,28.66,26.70,21.29,4.33,1.04,20.09,0.79,5.93,NA,NA,NA,NA,27.88,83.19,1.06,226.56,0.26,25.00,107.57,977.42,NA
2025-07-17 00:00:00,20.33,52.92,9.46,28.70,25.95,19.99,3.53,0.88,28.49,0.81,4.18,NA,NA,NA,NA,28.01,79.36,1.22,203.77,0.22,21.00,91.04,979.49,NA
2025-07-18 00:00:00,19.74,47.29,11.14,30.76,28.42,24.87,6.09,0.87,26.09,0.87,5.96,NA,NA,NA,NA,27.93,80.06,1.52,159.49,0.04,4.00,127.10,977.68,NA
2025-07-19 00:00:00,15.12,45.33,9.07,26.57,24.50,26.64,4.32,1.05,28.80,0.63,3.90,NA,NA,NA,NA,28.45,75.83,1.43,234.41,0.00,0.00,138.36,975.73,NA
2025-07-20 00:00:00,17.79,57.54,9.37,24.29,23.52,24.64,5.03,0.84,25.38,0.96,3.99,NA,NA,NA,NA,28.88,74.72,0.80,287.76,0.00,0.00,142.66,975.82,NA
2025-07-21 00:00:00,30.21,99.50,13.61,29.59,29.80,23.91,4.75,1.11,16.02,1.57,8.95,NA,NA,NA,NA,27.87,82.57,0.71,233.00,0.02,2.00,54.99,978.19,NA
2025-07-22 00:00:00,32.82,77.58,11.91,28.89,28.03,21.12,2.94,1.13,17.05,1.45,7.84,NA,NA,NA,NA,27.80,83.85,0.74,246.74,0.45,43.00,74.77,977.06,NA
2025-07-23 00:00:00,17.13,61.62,13.10,26.55,27.74,28.52,5.72,1.11,10.65,1.13,8.31,NA,NA,NA,NA,27.29,87.10,0.64,260.06,0.61,59.00,37.17,974.22,NA
2025-07-24 00:00:00,43.67,107.13,11.29,31.27,28.81,26.55,4.67,1.27,23.09,1.01,7.55,NA,NA,NA,NA,29.10,77.43,1.19,168.30,0.07,7.00,157.07,972.81,NA
2025-07-25 00:00:00,29.75,128.50,14.59,35.99,34.03,27.95,2.57,1.00,22.67,1.14,9.00,NA,NA,NA,NA,29.89,73.96,1.09,152.75,0.00,0.00,145.18,972.43,NA
2025-07-26 00:00:00,22.48,68.88,8.72,28.84,25.43,31.58,2.51,0.85,35.29,0.63,5.26,NA,NA,NA,NA,29.38,74.69,0.89,250.92,0.01,1.00,124.61,973.72,NA
2025-07-27 00:00:00,11.65,57.71,12.70,28.48,28.47,35.61,2.90,0.93,29.84,0.49,3.95,NA,NA,NA,NA,29.65,73.36,1.04,199.29,0.00,0.00,110.96,973.91,NA
2025-07-28 00:00:00,24.62,63.79,18.19,33.48,35.63,32.65,3.63,1.15,32.41,0.69,4.53,NA,NA,NA,NA,29.57,75.04,0.85,216.98,0.00,0.00,102.75,974.00,NA
2025-07-29 00:00:00,15.57,40.21,10.82,30.73,28.13,28.02,8.82,1.06,16.90,0.84,8.14,NA,NA,NA,NA,27.29,87.29,0.76,190.16,1.29,124.00,41.27,974.88,NA
2025-07-30 00:00:00,20.65,51.17,9.67,27.20,25.33,26.74,7.73,0.96,19.91,0.60,5.47,NA,NA,NA,NA,27.94,82.57,1.03,203.00,0.31,29.00,66.64,975.46,NA
2025-07-31 00:00:00,18.36,30.33,12.28,28.66,28.22,30.64,6.46,1.01,14.46,0.55,4.98,NA,NA,NA,NA,26.98,89.68,0.87,221.26,0.43,41.00,45.78,976.34,NA
2025-08-01 00:00:00,22.87,58.04,12.46,29.39,28.71,28.35,8.19,1.01,19.34,0.85,6.08,NA,NA,NA,NA,27.89,82.71,0.89,246.64,0.00,0.00,83.62,977.44,NA
2025-08-02 00:00:00,24.33,77.12,11.13,25.28,25.48,26.73,6.47,1.04,19.31,0.48,2.98,NA,NA,NA,NA,28.23,80.33,1.05,254.67,0.12,12.00,125.70,977.85,NA
2025-08-03 00:00:00,24.50,91.92,10.93,26.32,25.89,23.46,6.67,1.05,19.53,0.42,2.98,NA,NA,NA,NA,28.11,82.66,1.11,260.67,0.82,79.00,89.60,978.96,NA
2025-08-04 00:00:00,26.54,96.33,12.23,27.69,27.67,21.59,5.78,1.00,18.57,0.50,3.18,NA,NA,NA,NA,28.16,79.43,0.96,245.68,0.00,0.00,56.91,979.86,NA
2025-08-05 00:00:00,26.67,80.33,11.71,27.57,27.18,20.88,7.78,1.06,19.59,0.51,3.55,NA,NA,NA,NA,27.92,79.94,0.91,272.77,0.00,0.00,73.77,980.05,NA
2025-08-06 00:00:00,24.75,89.46,11.15,29.50,27.73,21.57,4.78,1.10,28.63,0.74,4.21,NA,NA,NA,NA,28.41,76.31,0.83,240.35,0.00,0.00,98.43,980.82,NA
2025-08-07 00:00:00,26.23,109.89,12.53,29.96,29.11,21.40,7.48,1.02,29.80,1.10,5.94,NA,NA,NA,NA,29.06,72.06,1.42,214.64,0.00,0.00,156.39,979.65,NA
2025-08-08 00:00:00,25.55,122.62,11.81,36.78,29.52,21.30,5.30,1.10,28.54,1.29,7.02,NA,NA,NA,NA,29.33,68.85,1.34,188.56,0.00,0.00,124.86,980.31,NA
2025-08-09 00:00:00,20.58,42.96,6.81,39.53,27.13,20.50,6.30,1.11,18.29,0.67,6.95,NA,NA,NA,NA,26.07,91.25,1.04,137.85,1.56,148.00,18.96,982.55,NA
2025-08-10 00:00:00,32.62,90.54,13.05,40.14,31.01,19.01,5.75,1.21,21.02,0.79,7.57,NA,NA,NA,NA,27.97,82.59,0.86,191.68,0.01,1.00,87.56,981.14,NA
2025-08-11 00:00:00,30.25,116.38,2.91,40.19,26.24,19.28,6.94,1.13,21.22,0.55,8.11,NA,NA,NA,NA,28.71,76.55,0.99,230.76,0.00,0.00,103.78,979.90,NA
2025-08-12 00:00:00,32.04,95.67,9.38,41.18,29.33,21.62,6.65,1.29,24.71,0.73,10.02,NA,NA,NA,NA,27.92,81.74,0.75,172.00,0.06,6.00,67.81,979.40,NA
2025-08-13 00:00:00,30.33,104.62,2.94,37.95,24.27,22.14,6.41,1.02,24.77,0.50,5.91,NA,NA,NA,NA,28.73,76.40,0.76,243.94,0.00,0.00,92.39,978.40,NA
2025-08-14 00:00:00,21.86,41.14,4.45,32.13,20.04,22.29,7.45,1.09,21.20,0.49,5.62,NA,NA,NA,NA,26.66,90.36,0.59,223.42,1.22,117.50,31.72,981.28,NA
2025-08-15 00:00:00,38.39,61.83,3.79,35.18,23.06,20.55,5.97,1.26,18.37,0.66,8.68,NA,NA,NA,NA,27.13,87.22,0.57,200.51,0.00,0.00,40.15,979.99,NA
2025-08-16 00:00:00,44.33,78.96,2.35,34.47,21.05,20.03,6.30,1.04,21.59,0.60,7.43,NA,NA,NA,NA,28.46,81.68,0.76,201.78,0.00,0.00,90.15,978.46,NA
2025-08-17 00:00:00,35.38,78.79,3.17,36.86,23.22,18.95,7.00,1.10,19.71,0.57,7.22,NA,NA,NA,NA,28.25,80.95,0.84,189.27,0.00,0.00,81.35,979.50,NA
2025-08-18 00:00:00,30.88,75.33,5.01,32.94,21.62,22.98,5.10,0.99,28.16,0.41,4.43,NA,NA,NA,NA,28.68,77.88,1.01,187.96,0.00,0.00,92.93,981.15,NA
2025-08-19 00:00:00,30.58,78.42,10.05,39.64,32.24,32.06,8.39,1.38,27.38,0.62,10.81,NA,NA,NA,NA,28.54,78.83,0.83,176.72,0.00,0.00,116.35,979.78,NA
2025-08-20 00:00:00,20.95,44.82,5.50,27.96,22.35,31.95,3.59,1.08,36.05,0.28,2.62,NA,NA,NA,NA,29.19,74.50,1.34,196.68,0.00,0.00,156.54,979.19,NA
2025-08-21 00:00:00,18.91,45.57,14.23,21.09,24.39,35.58,9.69,1.91,21.98,0.40,3.97,NA,NA,NA,NA,28.64,79.08,0.83,206.83,0.01,0.50,84.33,977.65,NA
2025-08-22 00:00:00,36.38,80.00,17.87,22.17,29.31,29.67,9.45,1.32,25.98,1.14,11.67,NA,NA,NA,NA,28.35,81.76,0.61,202.30,0.01,1.00,109.32,976.64,NA
2025-08-23 00:00:00,29.88,52.62,12.64,18.83,23.27,24.38,6.75,1.12,25.66,1.07,8.43,NA,NA,NA,NA,27.98,82.49,0.85,190.32,0.05,4.50,91.11,976.81,NA
2025-08-24 00:00:00,19.75,39.46,14.51,18.30,24.51,27.89,6.82,0.88,23.79,1.13,9.53,NA,NA,NA,NA,27.66,83.00,1.01,197.43,0.00,0.00,93.25,977.49,NA
2025-08-25 00:00:00,22.54,33.67,9.38,14.25,18.23,26.80,6.52,0.99,26.33,0.70,3.07,NA,NA,NA,NA,26.94,85.50,1.36,203.15,0.08,7.50,36.26,976.98,NA
2025-08-26 00:00:00,23.95,57.71,15.67,18.30,25.47,23.81,8.90,1.16,22.14,0.54,5.97,NA,NA,NA,NA,26.85,88.52,1.28,213.46,0.31,29.50,54.20,979.40,NA
2025-08-27 00:00:00,26.17,45.67,17.82,29.26,33.05,19.65,6.76,1.18,18.91,0.80,9.01,NA,NA,NA,NA,26.99,88.05,0.70,211.53,0.00,0.00,46.60,979.95,NA
2025-08-28 00:00:00,55.46,101.00,19.06,31.29,35.14,19.51,9.46,0.99,25.88,1.13,17.00,NA,NA,NA,NA,28.56,80.84,1.01,209.08,0.00,0.00,116.06,979.15,NA
2025-08-29 00:00:00,45.38,69.88,10.49,28.19,26.41,18.56,9.98,1.09,20.90,0.61,4.67,NA,NA,NA,NA,27.29,86.96,1.10,192.08,0.00,0.00,34.76,980.33,NA
2025-08-30 00:00:00,27.08,53.12,8.01,22.71,20.26,21.18,8.72,1.03,30.63,0.50,3.52,NA,NA,NA,NA,28.21,80.22,1.21,202.80,0.23,22.50,110.88,981.70,NA
2025-08-31 00:00:00,27.12,48.62,6.56,22.35,17.22,24.22,11.45,1.00,31.74,0.59,3.61,NA,NA,NA,NA,27.05,83.46,0.98,219.22,0.00,0.00,48.04,979.98,NA
2025-09-01 00:00:00,11.31,24.00,5.88,20.80,15.84,22.08,9.18,1.00,32.83,0.64,2.51,NA,NA,NA,NA,26.11,87.13,1.57,200.00,0.32,30.00,43.95,976.45,NA
2025-09-02 00:00:00,12.62,22.17,6.13,21.12,16.22,19.57,9.11,1.13,31.02,0.53,2.74,NA,NA,NA,NA,26.47,88.29,1.58,215.58,0.19,18.50,59.35,977.66,NA
2025-09-03 00:00:00,18.04,30.09,9.04,25.88,21.13,18.50,12.30,1.13,20.35,1.15,9.03,NA,NA,NA,NA,26.67,86.85,0.92,193.14,0.55,53.00,92.60,980.80,NA
2025-09-04 00:00:00,26.17,48.21,22.56,30.26,34.31,18.32,10.14,0.90,15.50,2.51,13.38,NA,NA,NA,NA,27.61,83.65,0.74,136.76,0.07,6.50,128.84,981.00,NA
2025-09-05 00:00:00,24.67,51.92,9.57,23.36,20.20,16.45,7.89,0.20,21.02,1.11,6.40,NA,NA,NA,NA,27.81,80.45,1.28,176.83,0.00,0.00,122.46,981.27,NA
2025-09-06 00:00:00,31.12,64.29,8.31,22.70,18.83,15.01,7.53,0.57,21.27,0.78,3.74,NA,NA,NA,NA,28.22,79.26,1.26,201.75,0.00,0.00,80.33,981.58,NA
2025-09-07 00:00:00,26.00,56.21,8.97,22.35,19.18,14.54,8.48,0.52,18.75,0.71,4.03,NA,NA,NA,NA,27.71,81.43,1.08,212.17,0.00,0.00,88.22,981.38,NA
2025-09-08 00:00:00,25.50,58.08,10.63,22.27,20.47,15.59,7.58,0.56,21.47,1.16,3.74,NA,NA,NA,NA,28.29,77.06,0.72,254.82,0.00,0.00,123.48,982.33,NA
2025-09-09 00:00:00,22.62,76.62,9.68,26.58,22.01,16.89,7.66,0.51,26.50,1.24,4.31,NA,NA,NA,NA,28.66,74.04,1.24,194.45,0.00,0.00,129.22,983.56,NA
2025-09-10 00:00:00,21.54,76.33,8.95,26.69,21.47,17.10,8.23,0.48,24.90,1.04,3.40,NA,NA,NA,NA,28.63,75.09,1.85,144.89,0.00,0.00,115.93,982.77,NA
2025-09-11 00:00:00,24.96,93.42,13.14,26.78,24.92,16.87,7.50,0.58,24.62,1.44,5.53,NA,NA,NA,NA,28.09,73.41,1.66,165.45,0.00,0.00,128.92,982.08,NA
2025-09-12 00:00:00,23.62,95.08,13.93,27.40,25.89,17.65,8.63,0.53,21.21,1.45,6.34,NA,NA,NA,NA,28.07,73.04,1.19,189.45,0.00,0.00,126.97,983.72,NA
2025-09-13 00:00:00,24.67,100.62,18.52,30.76,31.39,17.49,9.57,0.66,22.89,2.09,10.44,NA,NA,NA,NA,28.58,71.41,0.81,199.52,0.01,0.50,125.52,984.06,NA
2025-09-14 00:00:00,33.62,104.25,13.48,30.90,27.41,18.15,9.89,0.52,23.50,2.09,10.18,NA,NA,NA,NA,28.41,74.10,0.73,180.18,0.00,0.00,82.33,983.28,NA
2025-09-15 00:00:00,29.58,102.58,15.93,34.73,31.41,18.33,9.05,0.77,21.52,1.92,7.90,NA,NA,NA,NA,28.82,69.72,0.87,142.58,0.00,0.00,108.09,981.49,NA
2025-09-16 00:00:00,37.50,115.71,11.30,40.24,30.36,20.56,10.02,0.51,30.99,2.20,11.76,NA,NA,NA,NA,28.92,70.61,0.73,145.20,0.00,0.00,100.98,981.68,NA
2025-09-17 00:00:00,49.46,92.50,5.28,32.87,21.51,20.13,9.60,0.65,25.46,1.61,8.30,NA,NA,NA,NA,27.74,81.16,0.69,231.72,0.04,4.00,80.16,982.12,NA
2025-09-18 00:00:00,53.04,101.96,5.38,34.70,22.61,20.93,8.97,0.57,33.14,2.09,13.79,NA,NA,NA,NA,28.10,79.12,0.69,216.44,0.00,0.00,99.48,982.42,NA
2025-09-19 00:00:00,53.32,144.59,8.72,38.11,27.28,22.65,9.66,0.79,25.39,2.44,13.17,NA,NA,NA,NA,28.71,74.72,0.75,158.82,0.00,0.00,97.67,982.92,NA
2025-09-20 00:00:00,43.46,128.62,8.66,33.01,24.51,24.34,8.98,0.59,24.56,1.81,9.38,NA,NA,NA,NA,28.66,73.11,1.01,163.28,0.00,0.00,101.92,982.42,NA
2025-09-21 00:00:00,35.92,136.38,8.37,35.83,25.86,23.39,9.86,0.53,28.28,1.93,8.16,NA,NA,NA,NA,28.44,70.80,0.95,146.03,0.00,0.00,111.99,981.72,NA
2025-09-22 00:00:00,35.15,138.08,6.71,36.41,24.78,22.53,10.09,0.49,29.93,1.96,8.75,NA,NA,NA,NA,28.71,67.66,1.11,142.84,0.00,0.00,115.21,982.16,NA
2025-09-23 00:00:00,27.29,118.52,10.72,39.70,29.73,20.99,9.24,0.56,28.54,2.20,10.36,NA,NA,NA,NA,28.55,62.25,1.30,100.07,0.00,0.00,139.85,981.83,NA
2025-09-24 00:00:00,27.88,118.83,13.64,38.19,31.28,21.17,9.67,0.51,28.30,2.19,10.80,NA,NA,NA,NA,28.26,64.45,1.26,108.86,0.00,0.00,143.22,980.32,NA
2025-09-25 00:00:00,27.58,122.53,24.44,46.35,44.05,21.72,11.79,1.91,26.02,3.33,16.78,NA,NA,NA,NA,29.18,61.43,0.94,78.89,0.00,0.00,40.98,980.89,NA
2025-09-26 00:00:00,32.12,123.67,15.79,43.56,36.00,23.30,10.03,0.69,26.09,3.56,17.70,NA,NA,NA,NA,28.53,68.70,0.96,81.01,0.00,0.00,133.97,982.48,NA
2025-09-27 00:00:00,53.62,158.67,8.95,43.73,29.39,23.59,7.31,0.75,39.43,2.24,10.36,NA,NA,NA,NA,29.46,68.07,0.66,165.67,0.00,0.00,131.02,984.36,NA
2025-09-28 00:00:00,33.50,83.83,7.49,30.47,22.31,23.68,7.53,0.32,23.31,1.02,4.80,NA,NA,NA,NA,29.38,69.94,1.04,233.24,0.00,0.00,134.68,983.64,NA
2025-09-29 00:00:00,36.62,86.00,6.99,29.95,21.55,25.18,8.35,0.58,25.56,1.21,4.76,NA,NA,NA,NA,29.13,70.78,0.84,248.67,0.00,0.00,125.01,981.92,NA
2025-09-30 00:00:00,46.43,95.29,9.98,32.69,25.53,24.67,8.31,0.55,15.64,1.60,9.82,NA,NA,NA,NA,26.69,83.71,0.76,244.07,0.62,60.00,40.73,980.86,NA
2025-10-01 00:00:00,39.24,83.43,25.83,42.60,43.66,26.00,3.57,1.00,39.38,1.83,8.28,NA,NA,NA,NA,27.33,79.28,0.59,228.79,0.00,0.00,92.82,980.77,NA
2025-10-02 00:00:00,38.04,80.08,20.85,36.39,36.32,25.91,1.62,0.75,35.28,1.31,3.28,NA,NA,NA,NA,27.78,77.88,0.74,229.03,0.00,0.00,94.73,983.93,NA
2025-10-03 00:00:00,28.79,79.21,24.55,45.03,43.90,22.59,1.76,1.12,29.81,1.89,7.13,NA,NA,NA,NA,27.74,75.68,0.67,191.75,0.00,0.00,133.54,986.71,NA
2025-10-04 00:00:00,59.44,142.56,30.02,53.49,52.85,21.48,3.53,1.02,34.95,3.19,16.05,NA,NA,NA,NA,27.81,74.48,0.76,134.40,0.05,5.00,122.07,984.80,NA
2025-10-05 00:00:00,57.33,137.08,7.33,40.08,27.29,22.82,4.56,0.44,36.65,1.85,7.78,NA,NA,NA,NA,27.57,74.62,0.80,185.19,0.00,0.00,99.89,983.49,NA
2025-10-06 00:00:00,33.81,70.12,9.13,34.18,25.60,22.01,5.78,0.27,23.12,1.27,5.09,NA,NA,NA,NA,24.49,85.43,0.89,169.02,0.09,8.50,33.16,985.82,NA
2025-10-07 00:00:00,18.38,34.46,7.27,29.18,21.43,22.21,5.86,0.45,36.63,0.92,3.35,NA,NA,NA,NA,24.97,82.52,0.81,220.75,0.34,33.00,103.14,986.19,NA
2025-10-08 00:00:00,35.71,78.54,10.81,41.22,30.72,22.21,6.14,0.70,26.24,1.61,8.30,NA,NA,NA,NA,24.33,83.86,0.76,108.61,0.00,0.00,44.56,987.92,NA
2025-10-09 00:00:00,41.54,124.08,7.98,42.47,29.08,22.58,9.13,0.55,36.62,1.09,3.25,NA,NA,NA,NA,25.45,75.40,1.09,60.84,0.00,0.00,107.81,989.46,NA
2025-10-10 00:00:00,65.66,205.95,9.08,51.39,34.73,25.56,8.94,0.65,45.98,0.36,0.97,NA,NA,NA,NA,24.91,72.35,0.75,129.01,0.00,0.00,101.29,988.37,NA
2025-10-11 00:00:00,76.79,202.17,11.56,51.54,36.83,29.05,9.36,0.78,42.11,0.33,0.91,NA,NA,NA,NA,25.18,73.18,0.74,184.55,0.00,0.00,101.81,988.23,NA
2025-10-12 00:00:00,66.08,190.38,12.85,53.07,38.66,64.07,10.05,0.72,50.08,0.25,0.53,NA,NA,NA,NA,26.04,66.81,0.92,89.61,0.00,0.00,104.55,987.68,NA
2025-10-13 00:00:00,74.83,199.33,16.23,59.46,44.83,84.23,6.38,0.67,47.94,0.29,0.59,NA,NA,NA,NA,25.84,69.14,0.58,147.80,0.00,0.00,99.66,988.71,NA
2025-10-14 00:00:00,72.67,195.29,20.29,68.94,53.17,93.42,7.81,0.90,47.81,0.33,0.81,NA,NA,NA,NA,25.79,65.60,0.55,134.29,0.00,0.00,101.23,987.75,NA
2025-10-15 00:00:00,84.83,214.42,35.99,79.63,71.61,94.70,9.16,1.18,48.84,0.79,2.18,NA,NA,NA,NA,25.54,65.21,0.46,184.81,0.00,0.00,90.92,987.85,NA
2025-10-16 00:00:00,95.42,236.62,27.02,75.19,61.95,83.37,8.59,1.07,42.46,0.59,1.88,NA,NA,NA,NA,25.37,66.31,0.51,194.71,0.00,0.00,93.28,987.75,NA
2025-10-17 00:00:00,107.40,249.69,22.92,73.45,57.01,65.13,11.00,0.86,35.70,0.51,1.54,NA,NA,NA,NA,25.79,66.61,0.58,163.06,0.00,0.00,88.32,988.86,NA
2025-10-18 00:00:00,113.33,246.00,14.38,73.95,51.04,49.70,15.82,0.85,51.81,0.42,0.90,NA,NA,NA,NA,26.18,68.22,0.47,195.42,0.00,0.00,82.22,988.29,NA
2025-10-19 00:00:00,158.00,299.75,18.76,84.03,59.95,46.34,19.69,0.95,47.28,0.74,2.02,NA,NA,NA,NA,26.21,70.77,0.41,175.01,0.00,0.00,73.43,987.67,NA
2025-10-20 00:00:00,214.92,337.62,17.43,68.36,50.53,45.55,28.90,1.05,43.23,0.69,1.61,NA,NA,NA,NA,26.34,68.43,0.52,217.27,0.00,0.00,70.73,987.84,NA
2025-10-21 00:00:00,262.67,344.90,18.26,45.21,35.45,44.19,30.52,0.59,39.31,0.41,0.53,NA,NA,NA,NA,26.21,70.47,0.57,232.30,0.00,0.00,64.97,989.18,NA
2025-10-22 00:00:00,202.58,302.00,13.91,53.78,37.97,42.62,19.35,0.93,42.89,0.52,0.77,NA,NA,NA,NA,25.85,71.31,0.60,158.55,0.00,0.00,64.83,989.73,NA
2025-10-23 00:00:00,136.67,246.75,10.64,58.99,39.09,39.98,20.74,1.02,46.19,0.37,0.60,NA,NA,NA,NA,25.34,63.86,0.61,130.88,0.00,0.00,72.08,989.07,NA
2025-10-24 00:00:00,101.38,198.65,8.91,57.83,36.99,39.63,18.39,0.61,57.10,0.40,0.95,NA,NA,NA,NA,25.09,60.31,0.52,183.75,0.00,0.00,74.70,988.70,NA
2025-10-25 00:00:00,134.00,251.00,23.17,82.92,62.93,40.43,21.52,1.33,56.13,0.61,1.57,NA,NA,NA,NA,25.05,63.29,0.46,205.22,0.00,0.00,66.30,988.29,NA
2025-10-26 00:00:00,150.54,260.17,11.66,62.55,42.76,38.41,19.84,0.97,64.14,0.61,1.47,NA,NA,NA,NA,25.08,61.26,0.56,212.18,0.00,0.00,76.42,989.09,NA
2025-10-27 00:00:00,140.29,239.17,15.62,53.81,41.34,39.66,22.58,0.68,44.28,0.44,1.12,NA,NA,NA,NA,24.14,68.32,0.60,236.25,0.00,0.00,44.94,989.93,NA
2025-10-28 00:00:00,131.42,215.12,13.64,48.11,36.67,41.70,18.66,0.86,33.51,0.27,0.55,NA,NA,NA,NA,23.85,74.67,0.49,224.48,0.00,0.00,38.19,991.05,NA
2025-10-29 00:00:00,147.12,242.08,27.98,62.96,56.23,40.61,14.59,1.39,32.01,0.42,1.08,NA,NA,NA,NA,24.51,75.45,0.50,125.39,0.00,0.00,67.84,989.10,NA
2025-10-30 00:00:00,187.03,285.75,34.31,59.34,59.45,42.53,12.28,1.25,18.62,0.97,4.14,NA,NA,NA,NA,24.50,81.24,0.51,211.56,0.00,0.00,27.26,988.18,NA
2025-10-31 00:00:00,84.29,129.54,12.95,37.95,30.73,45.89,10.64,0.64,40.22,0.22,0.52,NA,NA,NA,NA,25.40,80.46,0.59,218.54,0.00,0.00,52.65,987.21,NA
2025-11-01 00:00:00,216.06,325.31,19.53,63.12,49.47,51.96,15.64,1.39,34.16,0.35,0.67,NA,NA,NA,NA,25.11,73.74,0.69,131.56,0.00,0.00,56.37,987.43,NA
2025-11-02 00:00:00,192.88,307.71,16.87,61.17,46.26,45.89,17.55,0.78,46.78,0.40,0.76,NA,NA,NA,NA,24.84,60.92,1.01,122.70,0.00,0.00,60.39,987.32,NA
2025-11-03 00:00:00,121.67,235.12,16.74,63.42,47.36,38.13,18.25,0.70,47.28,0.30,0.44,NA,NA,NA,NA,24.58,54.75,0.86,164.74,0.00,0.00,59.41,985.77,NA
2025-11-04 00:00:00,123.88,214.33,25.09,52.89,48.52,40.12,16.59,0.87,42.46,0.26,0.56,NA,NA,NA,NA,24.78,62.33,0.69,254.70,0.00,0.00,56.55,985.58,NA
2025-11-05 00:00:00,102.04,180.71,18.39,55.39,44.44,43.63,12.53,0.87,37.79,0.25,0.57,NA,NA,NA,NA,24.89,68.84,0.81,138.91,0.00,0.00,65.89,986.07,NA
2025-11-06 00:00:00,201.29,314.83,17.25,62.12,47.07,33.80,15.75,0.80,44.57,0.29,0.45,NA,NA,NA,NA,22.90,52.54,1.22,79.43,0.00,0.00,64.30,988.95,NA
2025-11-07 00:00:00,204.25,342.17,17.36,73.44,53.23,29.82,20.06,0.96,44.71,0.30,0.43,NA,NA,NA,NA,23.04,49.67,1.34,49.04,0.00,0.00,64.76,990.38,NA
2025-11-08 00:00:00,254.96,412.46,24.60,82.49,63.87,31.00,24.34,1.18,39.73,0.36,0.53,NA,NA,NA,NA,22.60,50.48,1.14,62.23,0.00,0.00,63.24,991.47,NA
2025-11-09 00:00:00,230.25,367.33,18.88,79.20,57.46,32.37,25.11,0.77,42.51,0.40,0.89,NA,NA,NA,NA,22.69,51.99,1.02,89.42,0.00,0.00,59.35,990.01,NA
2025-11-10 00:00:00,278.71,422.12,19.00,84.97,60.65,34.22,58.30,1.15,41.59,1.55,5.81,NA,NA,NA,NA,22.26,56.84,0.77,131.42,0.00,0.00,56.00,989.90,NA
2025-11-11 00:00:00,304.88,446.71,21.36,88.98,64.70,34.96,26.82,0.79,38.49,1.06,4.72,NA,NA,NA,NA,18.17,58.41,0.81,150.83,0.00,0.00,54.44,990.81,NA
2025-11-12 00:00:00,333.25,491.00,21.04,85.98,62.81,36.31,15.44,1.44,37.57,0.55,1.35,NA,NA,NA,NA,18.00,58.39,0.81,150.17,0.00,0.00,53.39,991.71,NA
2025-11-13 00:00:00,304.75,463.62,24.12,83.63,64.10,38.89,24.32,1.57,47.99,0.47,1.00,NA,NA,NA,NA,18.17,57.47,0.89,99.83,0.00,0.00,48.64,993.17,NA
2025-11-14 00:00:00,221.17,366.50,20.20,82.43,60.26,34.68,23.68,1.33,46.32,0.38,0.61,NA,NA,NA,NA,18.08,55.62,0.94,117.17,0.00,0.00,47.26,993.04,NA
2025-11-15 00:00:00,248.33,390.08,22.21,84.91,63.23,35.38,21.98,1.39,43.45,0.39,0.64,NA,NA,NA,NA,17.90,56.52,0.78,176.80,0.00,0.00,47.81,994.05,NA
2025-11-16 00:00:00,221.38,360.08,24.48,83.02,64.05,34.95,23.59,1.16,45.32,0.43,0.78,NA,NA,NA,NA,17.85,55.23,0.87,140.90,0.00,0.00,48.77,995.68,NA
2025-11-17 00:00:00,176.71,293.50,19.44,73.08,54.66,34.46,20.59,1.04,53.43,0.35,0.54,NA,NA,NA,NA,17.56,56.18,0.64,194.24,0.00,0.00,44.44,995.09,NA
2025-11-18 00:00:00,203.11,331.29,26.31,88.68,68.55,39.67,21.91,1.53,48.43,0.39,0.85,NA,NA,NA,NA,17.66,63.01,0.63,202.36,0.01,0.50,42.68,993.11,NA
2025-11-19 00:00:00,268.33,389.21,20.48,84.91,61.84,43.04,22.55,1.65,59.07,0.51,1.01,NA,NA,NA,NA,18.23,63.72,0.58,234.55,0.00,0.00,43.04,992.75,NA
2025-11-20 00:00:00,205.25,290.21,13.02,63.23,44.23,41.38,21.02,1.26,75.38,0.52,1.05,NA,NA,NA,NA,18.49,63.32,0.57,256.40,0.00,0.00,39.77,993.44,NA
2025-11-21 00:00:00,203.04,283.67,21.66,70.25,54.99,49.75,17.38,1.48,47.82,0.35,0.83,NA,NA,NA,NA,18.25,69.23,0.64,246.41,0.00,0.00,38.22,994.46,NA
2025-11-22 00:00:00,196.58,294.29,23.61,81.29,62.42,42.64,18.12,1.68,45.96,0.39,0.79,NA,NA,NA,NA,18.07,67.91,0.56,204.57,0.00,0.00,35.69,992.77,NA
2025-11-23 00:00:00,218.12,341.92,30.51,93.33,74.47,39.34,17.96,1.77,30.92,0.50,1.22,NA,NA,NA,NA,17.70,64.65,0.49,198.73,0.00,0.00,35.04,993.00,NA
2025-11-24 00:00:00,221.04,344.67,32.46,92.92,75.50,38.06,17.05,1.33,21.98,0.52,1.07,NA,NA,NA,NA,17.18,66.14,0.53,211.96,0.00,0.00,33.83,994.38,NA
2025-11-25 00:00:00,211.00,332.29,36.43,91.36,78.18,36.72,10.97,1.49,25.67,0.58,1.52,NA,NA,NA,NA,16.80,65.09,0.72,180.84,0.00,0.00,32.50,994.33,NA
2025-11-26 00:00:00,175.88,294.46,31.81,97.23,77.55,33.19,10.83,1.30,26.37,0.49,1.00,NA,NA,NA,NA,16.80,60.78,0.58,178.83,0.00,0.00,41.39,994.51,NA
2025-11-27 00:00:00,245.62,381.83,57.30,110.52,105.36,38.39,15.62,2.48,26.30,0.99,2.22,NA,NA,NA,NA,16.76,65.73,0.48,222.77,0.00,0.00,40.21,995.82,NA
2025-11-28 00:00:00,216.33,343.25,55.89,112.80,105.46,41.66,10.83,1.56,24.94,0.89,2.80,NA,NA,NA,NA,16.99,66.88,0.61,137.92,0.00,0.00,38.43,994.01,NA
2025-11-29 00:00:00,148.62,259.96,41.55,97.06,85.42,38.65,9.52,1.14,18.69,0.47,1.12,NA,NA,NA,NA,17.66,59.56,0.87,80.93,0.00,0.00,41.42,992.27,NA
2025-11-30 00:00:00,147.42,255.33,30.64,86.68,70.99,34.77,10.43,1.04,18.88,0.36,0.67,NA,NA,NA,NA,16.38,58.67,0.89,127.76,0.00,0.00,38.79,991.34,NA
2025-12-01 00:00:00,154.57,261.12,33.52,99.92,80.40,32.65,12.12,1.17,11.81,0.35,0.66,NA,NA,NA,NA,16.40,56.69,0.57,195.03,0.00,0.00,43.67,991.18,NA
2025-12-02 00:00:00,277.13,428.54,59.08,113.24,107.17,40.18,13.96,2.31,17.35,0.64,1.96,NA,NA,NA,NA,16.85,63.15,0.56,190.09,0.00,0.00,36.55,991.22,NA
2025-12-03 00:00:00,184.50,302.50,40.65,98.63,85.46,39.93,12.12,0.90,17.99,0.86,2.48,NA,NA,NA,NA,15.85,61.22,0.88,78.43,0.00,0.00,39.03,994.40,NA
2025-12-04 00:00:00,178.04,285.46,31.70,89.59,73.40,39.23,12.32,1.01,17.33,0.45,0.94,NA,NA,NA,NA,15.31,61.99,0.96,117.16,0.00,0.00,37.73,995.27,NA
2025-12-05 00:00:00,188.58,302.62,30.29,98.76,76.57,37.31,12.59,1.22,15.55,0.50,1.02,NA,NA,NA,NA,15.40,62.75,0.71,180.94,0.00,0.00,36.51,996.77,NA
2025-12-06 00:00:00,169.50,278.62,17.43,87.43,60.65,36.64,12.47,0.99,23.64,0.47,0.74,NA,NA,NA,NA,16.62,56.40,1.40,57.71,0.00,0.00,35.64,995.37,NA
2025-12-07 00:00:00,162.46,272.92,17.32,85.19,59.38,39.59,13.28,1.13,22.95,0.69,1.08,NA,NA,NA,NA,16.93,58.01,1.24,61.23,0.00,0.00,34.19,994.80,NA
2025-12-08 00:00:00,158.29,276.67,17.72,86.34,60.16,39.88,12.11,1.12,26.23,1.97,5.89,NA,NA,NA,NA,17.62,54.71,1.47,41.93,0.00,0.00,33.31,994.47,NA
2025-12-09 00:00:00,126.50,237.21,12.96,78.46,52.26,38.90,13.31,1.12,32.33,2.35,5.71,NA,NA,NA,NA,17.50,52.64,1.51,44.15,0.00,0.00,32.52,993.99,NA
2025-12-10 00:00:00,135.12,243.12,20.94,71.01,54.80,36.12,13.91,1.66,20.93,2.69,6.41,NA,NA,NA,NA,17.10,55.95,1.14,91.86,0.00,0.00,32.52,993.96,NA
2025-12-11 00:00:00,161.38,267.25,23.28,76.12,59.45,42.21,12.69,1.40,28.88,4.05,12.64,NA,NA,NA,NA,16.89,62.55,0.74,184.80,0.00,0.00,31.07,992.89,NA
2025-12-12 00:00:00,221.58,346.46,50.61,94.77,91.60,48.82,14.76,1.61,12.43,4.17,19.46,NA,NA,NA,NA,16.72,66.62,0.53,189.49,0.00,0.00,31.72,992.14,NA
2025-12-13 00:00:00,373.38,520.42,50.56,88.10,87.97,66.00,13.03,0.96,36.02,7.14,32.65,NA,NA,NA,NA,16.55,75.99,0.65,226.68,0.00,0.00,34.80,993.14,NA
2025-12-14 00:00:00,395.42,531.46,26.26,53.21,49.67,67.27,11.92,0.54,68.96,6.29,22.82,NA,NA,NA,NA,16.18,82.96,0.56,237.40,0.00,0.00,33.65,994.38,NA
2025-12-15 00:00:00,263.08,352.54,18.71,53.30,43.53,52.14,10.02,1.40,63.31,4.91,13.56,NA,NA,NA,NA,16.34,76.50,0.82,128.66,0.00,0.00,31.67,993.84,NA
2025-12-16 00:00:00,189.50,289.50,13.50,49.63,37.38,46.07,13.55,0.29,56.02,3.68,10.43,NA,NA,NA,NA,17.01,66.35,1.43,44.15,0.00,0.00,32.06,992.69,NA
2025-12-17 00:00:00,187.33,276.79,17.03,46.45,38.53,45.90,11.60,0.91,38.12,4.78,9.52,NA,NA,NA,NA,16.89,70.18,1.37,75.59,0.00,0.00,31.49,993.66,NA
2025-12-18 00:00:00,286.50,404.54,34.15,55.33,57.20,50.99,9.18,2.48,21.71,8.93,24.81,NA,NA,NA,NA,15.03,86.30,0.56,174.57,0.00,0.00,27.55,994.75,NA
2025-12-19 00:00:00,239.29,328.54,39.51,54.01,60.84,50.80,8.52,1.60,24.08,8.11,29.05,NA,NA,NA,NA,15.22,82.57,0.77,121.65,0.00,0.00,30.78,992.24,NA
2025-12-20 00:00:00,242.08,319.79,26.97,36.51,41.31,47.18,8.33,1.23,10.15,3.22,9.23,NA,NA,NA,NA,13.40,90.71,0.85,250.53,0.00,0.00,19.94,991.42,NA
2025-12-21 00:00:00,194.54,285.92,15.31,19.38,22.75,48.69,9.01,1.46,12.77,0.97,1.81,NA,NA,NA,NA,14.26,88.02,0.83,241.72,0.00,0.00,20.61,993.29,NA
2025-12-22 00:00:00,238.54,370.54,14.01,31.37,28.08,48.98,7.81,1.73,9.93,0.94,1.45,NA,NA,NA,NA,15.05,85.05,0.68,241.60,0.00,0.00,24.05,993.23,NA
2025-12-23 00:00:00,255.88,361.11,20.55,46.15,41.26,54.61,8.55,1.82,18.14,1.34,2.63,NA,NA,NA,NA,16.34,78.76,1.33,66.10,0.03,2.50,32.06,991.26,NA
2025-12-24 00:00:00,119.79,181.67,13.82,45.63,35.46,44.84,10.08,1.16,14.10,0.89,1.46,NA,NA,NA,NA,16.06,71.49,1.48,76.96,0.02,2.00,29.91,991.16,NA
2025-12-25 00:00:00,119.00,203.25,10.02,56.09,38.02,35.70,11.83,1.12,9.48,0.77,1.66,NA,NA,NA,NA,15.49,66.16,0.82,146.30,0.00,0.00,30.72,992.50,NA
2025-12-26 00:00:00,248.71,347.04,32.39,72.08,64.63,37.92,10.30,1.71,13.69,1.22,3.40,NA,NA,NA,NA,15.18,75.95,0.67,184.96,0.00,0.00,33.73,992.84,NA
2025-12-27 00:00:00,277.96,377.79,36.43,76.61,70.38,44.98,9.12,1.30,32.89,1.87,5.89,NA,NA,NA,NA,15.29,76.92,0.77,120.78,0.00,0.00,33.76,992.66,NA
2025-12-28 00:00:00,336.04,436.08,16.97,68.24,50.10,51.79,8.54,1.54,25.32,1.32,3.38,NA,NA,NA,NA,15.07,79.71,0.69,200.57,0.02,1.50,34.72,993.34,NA
2025-12-29 00:00:00,264.46,290.69,6.76,30.52,21.64,49.12,6.69,0.98,17.70,1.08,2.21,NA,NA,NA,NA,13.73,90.01,0.65,253.26,0.00,0.00,23.20,993.28,NA
2025-12-30 00:00:00,210.17,278.83,36.43,62.58,62.19,39.11,9.79,2.08,24.00,1.03,2.29,NA,NA,NA,NA,14.29,82.82,0.61,179.37,0.00,0.00,28.02,990.61,NA
2025-12-31 00:00:00,268.71,337.88,23.53,38.36,39.63,45.73,8.16,0.89,14.81,1.11,3.44,NA,NA,NA,NA,13.13,91.71,1.12,258.12,0.00,0.00,16.29,988.89,NA
